question,prediction_clean,prediction_noisy,gold_answers,em_clean,f1_clean,em_noisy,f1_noisy
Which NFL team represented the AFC at Super Bowl 50?,Denver Broncos,Denver Broncos,"['Denver Broncos', 'Denver Broncos', 'Denver Broncos']",1,1.0,1,1.0
Which NFL team represented the NFC at Super Bowl 50?,(iii).,(iii).,"['Carolina Panthers', 'Carolina Panthers', 'Carolina Panthers']",0,0.0,0,0.0
Where did Super Bowl 50 take place?,(iii).,(iii).,"['Santa Clara, California', ""Levi's Stadium"", ""Levi's Stadium in the San Francisco Bay Area at Santa Clara, California.""]",0,0.0,0,0.0
Which NFL team won Super Bowl 50?,Denver Broncos,Denver Broncos,"['Denver Broncos', 'Denver Broncos', 'Denver Broncos']",1,1.0,1,1.0
What color was used to emphasize the 50th anniversary of the Super Bowl?,gold,gold,"['gold', 'gold', 'gold']",1,1.0,1,1.0
What was the theme of Super Bowl 50?,(iii).,(iii).,"['""golden anniversary""', 'gold-themed', '""golden anniversary']",0,0.0,0,0.0
What day was the game played on?,(iii).,(iii).,"['February 7, 2016', 'February 7', 'February 7, 2016']",0,0.0,0,0.0
What is the AFC short for?,(iii).,(iii).,"['American Football Conference', 'American Football Conference', 'American Football Conference']",0,0.0,0,0.0
What was the theme of Super Bowl 50?,(iii).,(iii).,"['""golden anniversary""', 'gold-themed', 'gold']",0,0.0,0,0.0
What does AFC stand for?,AFC,(iii).,"['American Football Conference', 'American Football Conference', 'American Football Conference']",0,0.0,0,0.0
What day was the Super Bowl played on?,(iii).,(iii).,"['February 7, 2016', 'February 7', 'February 7, 2016']",0,0.0,0,0.0
Who won Super Bowl 50?,Denver Broncos,Denver Broncos,"['Denver Broncos', 'Denver Broncos', 'Denver Broncos']",1,1.0,1,1.0
What venue did Super Bowl 50 take place in?,(iii).,(iii).,"[""Levi's Stadium"", ""Levi's Stadium"", ""Levi's Stadium in the San Francisco Bay Area at Santa Clara""]",0,0.0,0,0.0
What city did Super Bowl 50 take place in?,(iii).,(iii).,"['Santa Clara', 'Santa Clara', 'Santa Clara']",0,0.0,0,0.0
"If Roman numerals were used, what would Super Bowl 50 have been called?",(iii).,(iii).,"['Super Bowl L', 'L', 'Super Bowl L']",0,0.0,0,0.0
Super Bowl 50 decided the NFL champion for what season?,2015,2015,"['2015', 'the 2015 season', '2015']",1,1.0,1,1.0
What year did the Denver Broncos secure a Super Bowl title for the third time?,(iii).,(iii).,"['2015', '2016', '2015']",0,0.0,0,0.0
What city did Super Bowl 50 take place in?,(iii).,(iii).,"['Santa Clara', 'Santa Clara', 'Santa Clara']",0,0.0,0,0.0
What stadium did Super Bowl 50 take place in?,(iii).,(iii).,"[""Levi's Stadium"", ""Levi's Stadium"", ""Levi's Stadium""]",0,0.0,0,0.0
What was the final score of Super Bowl 50? ,24–10,24–10,"['24–10', '24–10', '24–10']",1,1.0,1,1.0
"What month, day and year did Super Bowl 50 take place? ",(iii).,(iii).,"['February 7, 2016', 'February 7, 2016', 'February 7, 2016']",0,0.0,0,0.0
What year was Super Bowl 50?,(iii).,(iii).,"['2015', '2016', '2016']",0,0.0,0,0.0
What team was the AFC champion?,Denver Broncos,(iii).,"['Denver Broncos', 'Denver Broncos', 'Denver Broncos']",1,1.0,0,0.0
What team was the NFC champion?,(iii).,(iii).,"['Carolina Panthers', 'Carolina Panthers', 'Carolina Panthers']",0,0.0,0,0.0
Who won Super Bowl 50?,Denver Broncos,Denver Broncos,"['Denver Broncos', 'Denver Broncos', 'Denver Broncos']",1,1.0,1,1.0
Super Bowl 50 determined the NFL champion for what season?,2015,2015,"['2015', 'the 2015 season', '2015']",1,1.0,1,1.0
Which team won Super Bowl 50.,Denver Broncos,Denver Broncos,"['Denver Broncos', 'Denver Broncos', 'Denver Broncos']",1,1.0,1,1.0
Where was Super Bowl 50 held?,(iii).,(iii).,"['Santa Clara, California.', ""Levi's Stadium"", ""Levi's Stadium""]",0,0.0,0,0.0
The name of the NFL championship game is?,(iii).,(iii).,"['Super Bowl', 'Super Bowl', 'Super Bowl']",0,0.0,0,0.0
What 2015 NFL team one the AFC playoff?,Denver Broncos,Denver Broncos,"['Denver Broncos', 'Denver Broncos', 'Denver Broncos']",1,1.0,1,1.0
Which Carolina Panthers player was named Most Valuable Player?,Cam Newton,Cam Newton,"['Cam Newton', 'Cam Newton', 'Cam Newton']",1,1.0,1,1.0
How many appearances have the Denver Broncos made in the Super Bowl?,(4).,(4).,"['8', 'eight', 'eight']",0,0.0,0,0.0
What year was the Carolina Panthers franchise founded?,(iii).,(iii).,"['1995', '1995', '1995']",0,0.0,0,0.0
What team did the Panthers defeat?,(iii).,(iii).,"['Arizona Cardinals', 'the Arizona Cardinals', 'Arizona Cardinals']",0,0.0,0,0.0
Who did the Broncos prevent from going to the Super Bowl?,(iii).,(iii).,"['New England Patriots', 'the New England Patriots', 'New England Patriots']",0,0.0,0,0.0
Who did the Panthers beat in the NFC Championship Game?,Arizona Cardinals,(iii).,"['Arizona Cardinals', 'the Arizona Cardinals', 'Arizona Cardinals']",1,1.0,0,0.0
Who lost to the Broncos in the AFC Championship?,(iii).,(iii).,"['New England Patriots', 'the New England Patriots', 'New England Patriots']",0,0.0,0,0.0
Who were the defending Super Bowl champions?,(iii).,(iii).,"['New England Patriots', 'the New England Patriots', 'New England Patriots']",0,0.0,0,0.0
How many teams have been in the Super Bowl eight times?,four,four,"['four', 'four', 'four']",1,1.0,1,1.0
Who was this season's NFL MVP?,Cam Newton,(iii).,"['Cam Newton', 'Cam Newton', 'Cam Newton']",1,1.0,0,0.0
What was the win/loss ratio in 2015 for the Carolina Panthers during their regular season?,15–1,a.,"['15–1', '15–1', '15–1']",1,1.0,0,0.0
Which Carolina Panthers team member was picked as the team's MVP in 2015? ,Cam Newton,Cam Newton,"['Cam Newton', 'Cam Newton', 'Cam Newton']",1,1.0,1,1.0
What were the win/loss game stats for the Denver Bronco's regular season in 2015?,12–4,12–4,"['12–4', '12–4', '12–4']",1,1.0,1,1.0
How many teams have played in the Super Bowl eight times?,four,four,"['4', 'four', 'four']",1,1.0,1,1.0
Which team did not get a chance to defend their Super Bowl XLIX win in Super Bowl 50?,The Broncos,(iii).,"['New England Patriots', 'the New England Patriots', 'New England Patriots']",0,0.0,0,0.0
Who is the quarterback for the Panthers?,Cam Newton,Cam Newton,"['Cam Newton', 'Cam Newton', 'Cam Newton']",1,1.0,1,1.0
Who did Carolina beat in the NFC championship game?,(iii).,(iii).,"['Arizona Cardinals', 'the Arizona Cardinals', 'Arizona Cardinals']",0,0.0,0,0.0
How many times have the Panthers been in the Super Bowl?,(2).,2).,"['2', 'second', 'second']",1,1.0,1,1.0
Who did Denver beat in the AFC championship?,(iii).,(iii).,"['New England Patriots', 'the New England Patriots', 'New England Patriots']",0,0.0,0,0.0
Who was the Most Valuable Player for the 2015 NFL season?,Cam Newton,Cam Newton,"['Cam Newton', 'Cam Newton', 'Cam Newton']",1,1.0,1,1.0
Who did Denver beat in the 2015 AFC Championship game?,(iii).,(iii).,"['New England Patriots', 'the New England Patriots', 'New England Patriots']",0,0.0,0,0.0
Who did the Carolina Panthers beat in the 2015 NFC Championship game?,Arizona Cardinals,(iii).,"['Arizona Cardinals', 'the Arizona Cardinals', 'Arizona Cardinals']",1,1.0,0,0.0
Who was the 2015 NFL MVP?,Cam Newton,(iii).,"['Cam Newton', 'Cam Newton', 'Cam Newton']",1,1.0,0,0.0
Who did the Panthers beat to become the NFC champs?,(iii).,(iii).,"['Arizona Cardinals', 'the Arizona Cardinals', 'Arizona Cardinals']",0,0.0,0,0.0
What year did the Carolina Panthers form?,(iii).,(iii).,"['1995.', '1995', '1995']",0,0.0,0,0.0
Who was the Super Bowl 50 MVP?,(iii).,(iii).,"['Von Miller', 'Von Miller', 'Miller']",0,0.0,0,0.0
How many fumbles did Von Miller force in Super Bowl 50?,2).,2).,"['2', 'two', 'two']",1,1.0,1,1.0
Which team held the scoring lead throughout the entire game?,The Broncos,The Broncos,"['Broncos', 'The Broncos', 'Broncos']",1,1.0,1,1.0
Which Denver linebacker was named Super Bowl MVP?,Von Miller,Von Miller,"['linebacker Von Miller', 'Von Miller', 'Miller']",1,1.0,1,1.0
How many solo tackles did Von Miller make at Super Bowl 50?,five,five,"['five solo tackles', 'five', 'five']",1,1.0,1,1.0
Who was limited by Denver's defense?,Newton,Newton,"[""Newton was limited by Denver's defense"", 'Newton', 'Newton']",1,1.0,1,1.0
How many times was Cam Newton sacked?,seven,seven,"['seven', 'seven', 'seven']",1,1.0,1,1.0
Who won the Super Bowl MVP?,(iii).,(iii).,"['Von Miller', 'The Broncos', 'Miller']",0,0.0,0,0.0
How many turnovers did Cam Newton have?,3,3,"['three', 'three', 'three']",0,0.0,0,0.0
How many fumbles did Von Miller force?,2).,2).,"['two', 'two', 'two']",0,0.0,0,0.0
Who was given the esteemed status of MVP for Super Bowl 50?,(iii).,(iii).,"['Von Miller', 'Von Miller', 'Miller']",0,0.0,0,0.0
What position does Von Miller play for the Denver Broncos?,(iii).,(iii).,"['linebacker', 'linebacker', 'linebacker']",0,0.0,0,0.0
What was the number of solo tackles that Von Miller had in Super Bowl 50?,five,five,"['5', 'five', 'five']",1,1.0,1,1.0
How many forced fumbles did Von Miller have during the Super Bowl 50 game?,two,2).,"['2', 'two', 'two']",1,1.0,1,1.0
Who won the MVP for the Super Bowl?,(iii).,(iii).,"['Von Miller', 'Von Miller', 'Von Miller']",0,0.0,0,0.0
How many tackles did Von Miller get during the game?,(4).,(4).,"['5', 'five', 'five']",0,0.0,0,0.0
How many times was Cam Newton sacked in Super Bowl 50?,seven,seven,"['seven', 'seven', 'seven']",1,1.0,1,1.0
How many times did the Denver defense force Newton into turnovers?,1).,1).,"['three', 'three', 'three']",0,0.0,0,0.0
Which Newton turnover resulted in seven points for Denver?,fumble,fumble,"['a fumble', 'a fumble', 'fumble']",1,1.0,1,1.0
Who was the Most Valuable Player of Super Bowl 50?,(iii).,(iii).,"['Von Miller', 'Von Miller', 'Von Miller']",0,0.0,0,0.0
What position does Von Miller play?,(iii).,(iii).,"['linebacker', 'linebacker', 'linebacker']",0,0.0,0,0.0
How many times was the Panthers' quarterback sacked?,1).,1).,"['seven', 'seven', 'seven']",0,0.0,0,0.0
How many times did the Broncos cause turnovers in the game?,3,1).,"['three', 'three', 'three']",0,0.0,0,0.0
What Denver player caused two fumbles for the Panthers?,(iii).,(iii).,"['Von Miller', 'Von Miller', 'Von Miller']",0,0.0,0,0.0
How many tackles did Von Miller accomlish by himself in the game?,2).,2).,"['five', 'five', 'five']",0,0.0,0,0.0
Which network broadcasted Super Bowl 50 in the U.S.?,CBS,CBS,"['CBS', 'CBS', 'CBS']",1,1.0,1,1.0
What was the average cost for a 30 second commercial during Super Bowl 50?,$5 million,$5 million,"['$5 million', '$5 million', '$5 million']",1,1.0,1,1.0
Which group headlined the Super Bowl 50 halftime show?,Coldplay,Coldplay,"['Coldplay', 'Coldplay', 'Coldplay']",1,1.0,1,1.0
Which performers joined the headliner during the Super Bowl 50 halftime show?,Beyoncé and Bruno Mars,Beyoncé and Bruno Mars,"['Beyoncé and Bruno Mars', 'Beyoncé and Bruno Mars', 'Beyoncé and Bruno Mars']",1,1.0,1,1.0
At which Super Bowl did Beyonce headline the halftime show?,(ii).,(iii).,"['Super Bowl XLVII', 'Super Bowl XLVII', 'XLVII']",0,0.0,0,0.0
Who was the broadcaster for Super Bowl 50 in the United States?,CBS,CBS,"['CBS', 'CBS', 'CBS']",1,1.0,1,1.0
What was the average cost of a 30-second commercial?,$5 million,$5 million,"['$5 million', '$5 million', '$5 million']",1,1.0,1,1.0
What halftime performer previously headlined Super Bowl XLVII?,(iii).,(iii).,"['Beyoncé', 'Beyoncé', 'Beyoncé']",0,0.0,0,0.0
What halftime performer previously headlined Super Bowl XLVIII?,(ii).,(ii).,"['Bruno Mars', 'Bruno Mars', 'Mars']",0,0.0,0,0.0
Who was the main performer at this year's halftime show?,(iii).,(iii).,"['Coldplay', 'Coldplay', 'Coldplay']",0,0.0,0,0.0
Which network broadcasted the 50th Super Bowl game? ,CBS,CBS,"['CBS', 'CBS', 'CBS']",1,1.0,1,1.0
What was the average cost for a TV ad lasting 30 seconds during Super Bowl 50?,$5 million,$5 million,"['$5 million', '$5 million', '$5 million']",1,1.0,1,1.0
Who was the male singer who performed as a special guest during Super Bowl 50?,(iii).,(iii).,"['Bruno Mars', 'Bruno Mars', 'Bruno Mars,']",0,0.0,0,0.0
What ranking does the Super Bowl 50 halftime show have on the list of most watched TV broadcasts?,ii.,1).,"['third', 'third', 'third']",0,0.0,0,0.0
What station aired the Super Bowl?,CBS,CBS,"['CBS', 'CBS', 'CBS']",1,1.0,1,1.0
How much money did a 1/2 minute commercial cost?,unanswerable,unanswerable,"['$5 million', '$5 million', '$5 million']",0,0.0,0,0.0
What band headlined half-time during Super Bowl 50?,Coldplay,Coldplay,"['Coldplay', 'Coldplay', 'Coldplay']",1,1.0,1,1.0
What two artists came out with Coldplay during the half-time show?,(iii).,(iii).,"['Beyoncé and Bruno Mars', 'Beyoncé and Bruno Mars', 'Beyoncé and Bruno Mars']",0,0.0,0,0.0
Who broadcast the Super Bowl on TV?,CBS,CBS,"['CBS', 'CBS', 'CBS']",1,1.0,1,1.0
Who headlined the halftime show for Super Bowl 50?,(iii).,Coldplay,"['Coldplay', 'Coldplay', 'Coldplay']",0,0.0,1,1.0
